"Gene_position","n_Y","n_N","p_YN_pro","fc_YN_mean_pro","p_YN","fc_YN_mean","mean_N_pro","mean_Y_pro","mean_N","mean_Y","color_YN_mean","color_YN_mean_pro","order"
"BGN(R138)",6,19,0.709875584975199,0.989899498600364,0.0317024627172789,-0.287981248710526,0.442815375318182,0.438342718,-4.41916657678947,-4.7071478255,"down","other","e BGN(R138)"
"ACTN4(R280)",8,35,0.595426385337637,0.981519704354029,0.0377809168139726,-0.1824789125,0.189396851276596,0.185896741470588,-3.341340828,-3.5238197405,"down","other","d ACTN4(R280)"
"ATP5F1A(R262)",17,43,0.211523949026678,0.980129139352449,0.00993328010357921,-0.164406626116279,0.140659471702128,0.137864446941176,-2.81429857288372,-2.978705199,"down","other","c ATP5F1A(R262)"
"MYH11(R405)",17,45,0.229156714624034,0.974565861272289,0.02050468593339,-0.158800580718955,0.163068805382979,0.158921290764706,-2.35743148022222,-2.51623206094118,"down","other","b MYH11(R405)"
"ATP1A1(R445)",12,30,0.0858138233278502,1.03388044565305,0.00141202997233766,0.225765225116667,0.238416716340426,0.246494380941176,-2.50829588453333,-2.28253065941667,"up","other","a ATP1A1(R445)"
